{"cameraMode":{"drawMode":0,"name":"Shaded","section":"Shading Mode"},"sceneLighting":false,"audioPlay":false,"sceneViewState":{"showFog":true,"showMaterialUpdate":true,"showSkybox":false,"showFlares":true,"showImageEffects":true,"showParticleSystems":true},"in2DMode":false,"pivot":{"x":0.6099910736083984,"y":3.0706167221069338,"z":-0.43254804611206057},"rotation":{"x":-0.5906059145927429,"y":-0.000728588318452239,"z":0.0005331604043021798,"w":-0.8069603443145752},"size":29.073963165283204,"orthographic":false}