{"cameraMode":{"drawMode":0,"name":"Shaded","section":"Shading Mode"},"sceneLighting":false,"audioPlay":false,"sceneViewState":{"showFog":true,"showMaterialUpdate":true,"showSkybox":false,"showFlares":true,"showImageEffects":true,"showParticleSystems":true},"in2DMode":false,"pivot":{"x":-0.0388343520462513,"y":0.4269198775291443,"z":-4.230399131774902},"rotation":{"x":-0.015513557009398938,"y":-0.4815523624420166,"z":-0.008502238430082798,"w":0.8762525320053101},"size":0.7138790488243103,"orthographic":false}