{"cameraMode":{"drawMode":0,"name":"Shaded","section":"Shading Mode"},"sceneLighting":false,"audioPlay":false,"sceneViewState":{"showFog":true,"showMaterialUpdate":true,"showSkybox":false,"showFlares":true,"showImageEffects":true,"showParticleSystems":true},"in2DMode":false,"pivot":{"x":704.1115112304688,"y":478.3030700683594,"z":-979.26220703125},"rotation":{"x":0.11429514735937119,"y":0.8066005706787109,"z":-0.16585539281368257,"w":0.5557377934455872},"size":10.449999809265137,"orthographic":false}