{"cameraMode":{"drawMode":0,"name":"Shaded","section":"Shading Mode"},"sceneLighting":true,"audioPlay":false,"sceneViewState":{"showFog":true,"showMaterialUpdate":true,"showSkybox":true,"showFlares":true,"showImageEffects":true,"showParticleSystems":true},"in2DMode":false,"pivot":{"x":0.05171346664428711,"y":2.0280394554138185,"z":22.575544357299806},"rotation":{"x":0.1925363689661026,"y":-0.5733112096786499,"z":0.14088745415210725,"w":0.7838565707206726},"size":5.812783718109131,"orthographic":false}