{"cameraMode":{"drawMode":0,"name":"Shaded","section":"Shading Mode"},"sceneLighting":true,"audioPlay":false,"sceneViewState":{"showFog":true,"showMaterialUpdate":false,"showSkybox":false,"showFlares":true,"showImageEffects":true,"showParticleSystems":true},"in2DMode":false,"pivot":{"x":641.123779296875,"y":-117.30810546875,"z":-1091.876708984375},"rotation":{"x":0.2731146514415741,"y":0.04182981699705124,"z":-0.011887980625033379,"w":0.9609981775283814},"size":1305.2640380859375,"orthographic":false}